Vorname,Nachname,preis
Fry,Martin,501.00
Eric,Charron,501.00
Charles,Roven,501.00
Brittany,Wilkins,501.00
Kevin,Sheridan,501.00
Erik,Cartwright,501.00
Jesse,Carmichael,501.00
Vinnie,Dombrowski,501.00
"Juan Pablo",Raba,501.00
Marcus,Robertson,501.00
,Mase,501.00
Ty,Grovesteen,501.00
Misti,Traya,501.00
Danny,Farmer,501.00
Jamie,Langenbrunner,501.00
Ray,Lucas,501.00
Angela,Schijf,501.00
Reed,Low,501.00
Joe,Spano,501.00
Pete,Orr,501.00
Clare,Carey,501.00
Evan,Richards,501.00
Bobby,Myers,501.00
Freddy,Guzman,501.00
Margaret,Colin,501.00
Jerry,Mathers,501.00
Andrew,Soo,501.00
Elvis,Costello,501.00
John,Reardon,501.00
Roy,Orbison,501.00
Brian,Conlan,501.00
